feature,importance
month,0.7837132184514247
pct_children,0.14823989010030209
pct_youth,0.035676012395871745
day_of_week,0.03195904768397184
is_weekend,0.0004118313684296475
